alpha,random_state,MAE,RMSE,R²,Coefficients,Intercept
0.01,52,1361.827840881024,2084.717481976209,0.06531880248872657,"[316.89965360606004, -144.47904887960914, 271.8834513210639]",1821.6294183797186
